order_id,customer_id,country,product_category,unit_price,quantity,discount,order_date,delivery_days
10001,2102,UK,Toys,92.35,7,25,2023-08-27,7
10002,2435,Netherlands,Books,118.63,1,10,2023-11-20,12
10003,2270,UK,Clothing,108.65,3,15,2023-10-23,12
10004,2106,Italy,Books,79.94,5,15,2023-07-06,12
10005,2071,UK,Toys,41.12,5,10,2023-07-27,11
10006,2020,Spain,Toys,34.25,6,20,2023-08-08,1
10007,2121,Spain,Home,99.21,1,30,2023-07-09,3
10008,2466,France,Clothing,106.18,1,10,2023-12-12,12
10009,2214,Germany,Toys,65.43,7,20,2023-10-11,11
10010,2330,Germany,Home,33.1,1,5,2023-12-18,4
10011,2458,UK,Home,17.99,3,10,2023-08-25,13
10012,2087,Netherlands,Books,15.03,4,20,2023-07-13,14
10013,2372,Italy,Books,87.69,1,10,2023-10-14,1
10014,2099,Netherlands,Home,53.31,1,10,2023-09-16,5
10015,2130,UK,Books,109.12,7,30,2023-09-03,10
10016,2308,Spain,Toys,90.06,2,30,2023-05-16,3
10017,2343,Netherlands,Electronics,26.99,7,20,2023-10-07,2
10018,2491,UK,Toys,75.58,7,20,2023-09-28,3
10019,2413,UK,Home,55.08,3,0,2023-06-20,8
10020,2385,Spain,Home,71.38,6,10,2023-06-08,6
10021,2191,France,Toys,89.88,1,15,2023-07-20,13
10022,2276,Italy,Books,97.71,7,10,2023-02-14,14
10023,2160,UK,Books,102.03,7,10,2023-09-21,7
10024,2459,Spain,Home,34.21,2,20,2023-03-12,12
10025,2313,UK,Clothing,8.58,7,10,2023-12-30,6
10026,2021,UK,Books,90.02,5,25,2023-04-13,6
10027,2252,UK,Toys,17.23,6,10,2023-05-05,12
10028,2560,Italy,Books,41.22,1,25,2023-11-09,3
10029,2474,France,Toys,5.44,1,30,2023-10-13,12
10030,2058,Germany,Home,83.39,2,15,2023-08-18,13
10031,2510,Germany,Books,24.22,3,20,2023-05-26,14
10032,2475,Italy,Toys,80.36,1,10,2023-07-16,8
10033,2189,Germany,Home,119.05,5,25,2023-08-09,12
10034,2562,Italy,Clothing,13.36,1,25,2023-03-01,7
10035,2566,Germany,Toys,13.86,5,30,2023-04-08,7
10036,2243,Germany,Clothing,44.14,6,25,2023-06-20,6
10037,2504,Germany,Clothing,104.63,6,5,2023-06-22,5
10038,2130,UK,Electronics,29.79,4,0,2023-05-31,10
10039,2484,Spain,Books,46.44,4,15,2023-12-16,8
10040,2020,Germany,Toys,12.88,5,30,2023-05-02,5
10041,2166,UK,Clothing,92.76,3,30,2023-04-18,9
10042,2273,Italy,Electronics,51.96,1,10,2023-01-04,9
10043,2387,Germany,Home,92.31,7,5,2023-04-03,1
10044,2315,France,Toys,108.91,1,10,2023-01-06,6
10045,2013,Netherlands,Clothing,31.77,4,10,2023-10-15,7
10046,2241,France,Books,97.85,7,20,2023-04-16,3
10047,2345,UK,Electronics,11.8,5,20,2023-05-26,7
10048,2564,Netherlands,Clothing,108.37,7,20,2023-09-28,11
10049,2339,France,Books,79.84,1,5,2023-04-06,11
10050,2091,UK,Clothing,105.54,1,10,2023-08-17,7
10051,2366,UK,Toys,5.02,3,0,2023-07-21,14
10052,2454,Spain,Toys,24.44,2,15,2023-07-31,13
10053,2427,France,Toys,49.82,7,20,2023-01-06,11
10054,2508,France,Electronics,48.64,4,20,2023-04-22,2
10055,2034,Italy,Toys,31.07,4,30,2023-11-19,7
10056,2205,Spain,Books,48.89,2,10,2023-04-16,1
10057,2080,UK,Clothing,19.82,1,10,2023-05-19,5
10058,2561,UK,Home,52.47,3,5,2023-10-26,9
10059,2387,UK,Books,97.27,3,5,2023-04-06,7
10060,2001,Spain,Books,60.09,4,20,2023-12-03,7
10061,2389,UK,Toys,7.07,3,10,2023-10-24,11
10062,2565,France,Electronics,53.47,6,0,2023-08-02,13
10063,2105,Spain,Clothing,8.13,2,15,2023-10-18,12
10064,2476,Italy,Electronics,116.12,1,10,2023-01-22,2
10065,2401,UK,Clothing,19.66,6,30,2023-07-12,8
10066,2555,Italy,Clothing,86.38,2,10,2023-05-30,3
10067,2161,UK,Electronics,116.87,5,25,2023-09-04,8
10068,2201,Italy,Books,99.99,7,5,2023-09-24,3
10069,2269,UK,Clothing,85.42,4,30,2023-09-08,10
10070,2270,Germany,Electronics,101.54,3,15,2023-01-03,7
10071,2455,Spain,Clothing,117.91,5,20,2023-11-12,2
10072,2461,UK,Home,76.45,3,30,2023-03-17,4
10073,2251,UK,Books,69.31,6,10,2023-03-28,11
10074,2295,Spain,Toys,77.25,1,20,2023-09-27,6
10075,2337,Spain,Clothing,66.26,1,10,2023-08-13,11
10076,2052,France,Home,78.04,1,20,2023-01-18,9
10077,2216,Spain,Toys,56.73,3,15,2023-04-23,5
10078,2187,France,Toys,30.12,5,5,2023-09-08,13
10079,2379,UK,Clothing,18.83,1,15,2023-08-21,9
10080,2492,UK,Electronics,12.86,5,25,2023-11-25,5
10081,2040,UK,Clothing,35.28,3,0,2023-10-06,10
10082,2156,Netherlands,Home,10.3,6,5,2023-07-21,8
10083,2014,France,Toys,70.22,5,15,2023-03-24,13
10084,2064,Germany,Clothing,37.64,6,25,2023-05-05,13
10085,2520,Germany,Electronics,99.82,3,0,2023-06-24,1
10086,2343,Netherlands,Clothing,13.54,3,25,2023-03-10,7
10087,2128,UK,Books,31.03,4,10,2023-02-16,4
10088,2471,France,Electronics,88.98,3,10,2023-09-13,5
10089,2062,Germany,Home,73.86,3,20,2023-08-03,6
10090,2138,France,Toys,12.42,2,5,2023-01-30,5
10091,2498,UK,Clothing,105.88,1,10,2023-10-08,12
10092,2592,Italy,Electronics,105.89,4,30,2023-08-25,1
10093,2391,Netherlands,Books,43,7,25,2023-09-05,12
10094,2418,France,Electronics,44.15,4,5,2023-01-25,9
10095,2288,Spain,Books,118.74,4,30,2023-03-15,2
10096,2378,Netherlands,Home,77.01,7,10,2023-07-25,9
10097,2489,Spain,Toys,66.1,2,20,2023-11-10,10
10098,2230,UK,Home,101.39,6,15,2023-04-04,2
10099,2040,France,Clothing,37.81,3,20,2023-05-07,9
10100,2027,France,Electronics,54.36,1,30,2023-01-25,6
10101,2134,Germany,Books,35.79,5,0,2023-11-30,11
10102,2200,Spain,Books,95.75,7,10,2023-12-21,9
10103,2032,Netherlands,Electronics,70.94,6,30,2023-04-26,13
10104,2047,Netherlands,Electronics,80.76,7,0,2023-02-17,6
10105,2502,Germany,Clothing,34.02,3,0,2023-08-14,6
10106,2406,UK,Home,30.33,2,25,2023-09-23,13
10107,2573,Netherlands,Books,61.16,7,5,2023-04-09,11
10108,2098,Italy,Clothing,89.82,3,25,2023-01-11,14
10109,2546,UK,Home,65.4,3,10,2023-03-26,2
10110,2461,Netherlands,Clothing,8.75,2,0,2023-08-02,8
10111,2004,Italy,Books,104.88,4,30,2023-06-22,3
10112,2217,Germany,Electronics,12.44,4,15,2023-07-28,7
10113,2502,France,Electronics,114.92,1,0,2023-03-05,5
10114,2397,Germany,Home,7.89,1,30,2023-09-15,3
10115,2392,UK,Toys,84.86,4,15,2023-11-28,1
10116,2206,UK,Home,14.45,6,25,2023-05-01,8
10117,2014,Italy,Toys,109.73,5,25,2023-10-25,3
10118,2553,UK,Clothing,58.41,3,5,2023-02-23,2
10119,2460,UK,Clothing,20.82,5,30,2023-11-27,1
10120,2574,Germany,Books,44.19,3,0,2023-09-29,4
10121,2240,France,Toys,23.95,4,20,2023-08-29,13
10122,2563,Netherlands,Books,24.62,1,25,2023-08-31,8
10123,2095,UK,Electronics,114.03,6,25,2023-01-18,13
10124,2484,UK,Toys,56.2,1,5,2023-07-06,3
10125,2406,Spain,Home,95.71,5,15,2023-12-12,14
10126,2230,Germany,Electronics,78.55,1,5,2023-05-24,1
10127,2170,UK,Electronics,82.79,4,0,2023-09-19,4
10128,2540,Germany,Home,20.14,6,30,2023-12-30,9
10129,2035,UK,Electronics,31.93,5,10,2023-08-27,13
10130,2524,UK,Toys,95.48,6,10,2023-10-31,1
10131,2159,Germany,Books,116.64,3,30,2023-10-25,12
10132,2242,Germany,Electronics,35.21,1,15,2023-03-17,14
10133,2085,Netherlands,Toys,36.23,6,25,2023-07-07,11
10134,2577,Germany,Clothing,59.38,2,15,2023-11-29,2
10135,2556,France,Toys,118.14,1,25,2023-09-03,9
10136,2573,France,Books,35.93,3,25,2023-05-10,2
10137,2027,UK,Toys,51.8,6,10,2023-11-11,13
10138,2555,France,Home,107.52,5,15,2023-10-10,3
10139,2339,UK,Books,5.34,3,5,2023-03-20,7
10140,2330,Netherlands,Clothing,9.57,2,25,2023-03-13,3
10141,2505,UK,Home,74.47,6,20,2023-09-20,9
10142,2347,Germany,Toys,109.35,7,20,2023-07-10,6
10143,2472,UK,Books,32.47,7,5,2023-03-04,3
10144,2230,Netherlands,Clothing,59.01,4,20,2023-01-12,9
10145,2189,Germany,Home,56.8,1,0,2023-05-21,1
10146,2224,France,Clothing,59.39,5,25,2023-09-11,10
10147,2384,UK,Toys,76.59,4,5,2023-02-12,3
10148,2376,Spain,Clothing,59.02,6,15,2023-01-17,1
10149,2282,UK,Electronics,56.46,7,25,2023-03-04,2
10150,2258,Italy,Home,59.54,7,5,2023-09-10,12
10151,2358,UK,Clothing,72.95,7,10,2023-10-19,8
10152,2455,UK,Toys,66.76,6,15,2023-01-08,7
10153,2410,UK,Toys,103.23,7,10,2023-11-21,2
10154,2317,Germany,Clothing,10.69,3,25,2023-03-31,2
10155,2224,France,Toys,100.83,6,15,2023-07-27,9
10156,2233,UK,Books,102.05,5,20,2023-10-19,13
10157,2373,Spain,Books,37.76,4,5,2023-10-11,13
10158,2471,Germany,Books,58.23,5,25,2023-04-28,6
10159,2232,Germany,Electronics,55.43,2,0,2023-12-15,5
10160,2112,Germany,Clothing,30.13,7,15,2023-06-24,10
10161,2496,Germany,Electronics,50.63,2,15,2023-03-17,6
10162,2441,France,Toys,10.1,1,30,2023-04-11,9
10163,2563,UK,Electronics,36.95,1,25,2023-05-31,11
10164,2267,UK,Toys,98.92,2,25,2023-09-27,7
10165,2509,Italy,Toys,37.72,6,10,2023-03-12,10
10166,2385,Netherlands,Home,99.09,5,30,2023-06-29,10
10167,2386,Germany,Books,66.13,2,20,2023-05-04,14
10168,2112,UK,Toys,106.18,1,10,2023-10-20,9
10169,2080,France,Home,71.1,2,30,2023-10-12,4
10170,2112,Germany,Books,8.41,6,10,2023-07-14,2
10171,2001,UK,Toys,82.67,2,20,2023-08-16,12
10172,2219,UK,Toys,10.16,5,30,2023-10-02,8
10173,2565,Spain,Electronics,56.82,4,30,2023-04-16,4
10174,2224,France,Electronics,111.88,6,0,2023-01-21,13
10175,2384,UK,Books,24,1,10,2023-03-05,9
10176,2402,UK,Toys,49.84,5,10,2023-06-14,4
10177,2129,UK,Clothing,88.93,2,15,2023-01-27,8
10178,2052,France,Electronics,106.46,2,20,2023-11-07,9
10179,2415,UK,Books,82.16,4,5,2023-10-12,13
10180,2246,UK,Toys,34.69,1,0,2023-05-28,9
10181,2438,Spain,Toys,82.58,1,30,2023-10-08,10
10182,2202,UK,Clothing,39.12,3,30,2023-11-22,4
10183,2183,France,Books,87.62,1,30,2023-11-15,1
10184,2122,UK,Toys,114.71,4,0,2023-06-13,3
10185,2400,UK,Electronics,87.96,7,30,2023-08-12,9
10186,2293,UK,Clothing,104.23,3,30,2023-09-29,4
10187,2279,Spain,Books,5.24,3,20,2023-05-26,5
10188,2197,Italy,Clothing,87.52,2,25,2023-12-22,7
10189,2510,Italy,Electronics,100.4,2,25,2023-01-30,5
10190,2143,Germany,Books,9.66,1,15,2023-02-14,4
10191,2200,France,Clothing,105.23,3,15,2023-10-02,2
10192,2123,UK,Home,34.52,2,30,2023-02-03,2
10193,2186,UK,Electronics,81.51,4,20,2023-05-21,13
10194,2325,Italy,Electronics,97.04,2,30,2023-11-14,13
10195,2463,UK,Electronics,81.21,6,15,2023-08-09,4
10196,2348,UK,Home,15.61,6,0,2023-12-22,10
10197,2402,UK,Home,73.58,2,0,2023-01-22,13
10198,2345,UK,Toys,68.2,3,5,2023-06-29,10
10199,2510,UK,Clothing,108.54,7,25,2023-11-25,13
10200,2146,France,Toys,51.49,7,20,2023-08-19,9
10201,2147,Germany,Clothing,41.92,3,10,2023-02-07,8
10202,2488,Italy,Home,91.23,5,25,2023-03-11,3
10203,2550,Italy,Home,52.46,7,10,2023-04-26,14
10204,2337,UK,Toys,79.3,6,5,2023-08-27,9
10205,2472,UK,Books,79.34,4,5,2023-12-01,14
10206,2150,Germany,Toys,107.12,3,30,2023-05-28,5
10207,2414,France,Clothing,73.85,1,15,2023-01-09,11
10208,2297,UK,Toys,62.75,6,5,2023-10-15,3
10209,2262,France,Electronics,20.97,4,5,2023-02-19,5
10210,2143,Germany,Clothing,18.31,4,10,2023-12-04,13
10211,2345,France,Clothing,22.75,3,15,2023-01-05,10
10212,2571,Germany,Books,24.76,4,5,2023-12-09,13
10213,2001,UK,Home,78.36,3,25,2023-05-06,4
10214,2303,Netherlands,Clothing,90.21,7,5,2023-03-16,8
10215,2253,Spain,Home,65.95,2,15,2023-06-14,13
10216,2452,UK,Toys,100.34,6,30,2023-10-05,12
10217,2036,Italy,Electronics,119,5,20,2023-11-20,5
10218,2159,Germany,Books,99.3,2,15,2023-10-27,10
10219,2008,Italy,Home,84.91,6,10,2023-10-17,12
10220,2232,Spain,Clothing,66.24,3,20,2023-03-18,8
10221,2098,Germany,Home,56.62,6,25,2023-10-25,9
10222,2207,UK,Clothing,14.71,7,0,2023-05-17,4
10223,2130,UK,Home,50.93,3,15,2023-04-16,7
10224,2403,France,Clothing,109.67,2,30,2023-04-05,2
10225,2151,France,Toys,97.92,1,10,2023-05-15,6
10226,2053,UK,Clothing,29.85,1,25,2023-03-09,8
10227,2119,UK,Clothing,58.66,6,20,2023-05-27,12
10228,2586,Italy,Electronics,98.92,1,25,2023-06-08,7
10229,2419,Netherlands,Clothing,12.75,3,15,2023-06-12,7
10230,2421,Germany,Electronics,49.55,4,5,2023-12-07,8
10231,2103,UK,Books,102.96,3,30,2023-07-08,7
10232,2253,UK,Electronics,51.45,4,15,2023-12-05,5
10233,2226,UK,Toys,13.93,2,0,2023-04-05,7
10234,2111,Netherlands,Electronics,67.39,5,15,2023-06-30,13
10235,2509,UK,Books,104.1,4,20,2023-10-15,14
10236,2472,France,Toys,72.88,1,20,2023-11-18,10
10237,2098,UK,Home,31.02,3,15,2023-07-06,3
10238,2152,France,Home,49.19,2,20,2023-05-18,5
10239,2337,France,Electronics,56.76,1,5,2023-05-10,7
10240,2162,Italy,Electronics,71.62,2,25,2023-07-13,9
10241,2160,UK,Books,92.33,5,15,2023-11-12,2
10242,2579,UK,Books,16.37,7,30,2023-09-30,4
10243,2397,UK,Clothing,107.31,3,5,2023-12-18,12
10244,2276,Netherlands,Books,6.42,6,25,2023-05-24,7
10245,2503,Italy,Clothing,47.56,3,30,2023-01-16,1
10246,2391,France,Toys,8.15,5,30,2023-10-29,13
10247,2134,France,Electronics,50.19,3,30,2023-09-02,2
10248,2194,France,Toys,65.47,6,25,2023-04-17,9
10249,2400,UK,Books,63.84,4,5,2023-03-29,13
10250,2032,Netherlands,Toys,24.05,2,30,2023-05-09,10
10251,2459,Germany,Toys,79.26,6,30,2023-12-07,7
10252,2469,Germany,Toys,10.15,1,10,2023-01-04,12
10253,2374,Germany,Books,92.62,5,15,2023-11-23,10
10254,2021,UK,Toys,113.86,4,25,2023-11-02,7
10255,2037,UK,Clothing,44.07,1,25,2023-04-05,6
10256,2229,Spain,Books,64.48,1,20,2023-07-28,3
10257,2364,UK,Toys,48.57,5,25,2023-08-13,10
10258,2562,France,Books,5.77,4,5,2023-12-14,3
10259,2437,UK,Home,49.38,7,25,2023-11-17,2
10260,2282,Germany,Clothing,96.05,1,10,2023-02-16,11
10261,2026,UK,Toys,73.54,1,15,2023-06-30,6
10262,2225,Germany,Home,16.64,4,15,2023-04-16,4
10263,2276,Spain,Home,102.42,3,25,2023-07-18,5
10264,2283,UK,Books,66.07,1,30,2023-04-16,3
10265,2480,France,Home,101.8,2,0,2023-10-07,6
10266,2452,Germany,Clothing,71.73,4,0,2023-09-17,11
10267,2515,France,Clothing,69.36,1,30,2023-04-18,12
10268,2546,Netherlands,Electronics,17.1,5,30,2023-01-19,3
10269,2191,Spain,Clothing,24.25,6,30,2023-10-23,14
10270,2048,UK,Home,116.78,2,5,2023-11-02,14
10271,2511,UK,Clothing,31.28,6,0,2023-06-20,8
10272,2016,UK,Books,117.41,6,30,2023-11-27,9
10273,2171,France,Electronics,66.17,1,5,2023-07-14,4
10274,2219,UK,Home,20.62,2,20,2023-01-12,9
10275,2157,Germany,Electronics,16.42,2,5,2023-07-14,12
10276,2476,France,Home,29.02,3,0,2023-10-10,7
10277,2045,UK,Books,111.45,6,25,2023-07-01,3
10278,2372,Spain,Electronics,52.63,2,20,2023-11-01,7
10279,2517,UK,Toys,50.47,3,0,2023-05-24,14
10280,2098,UK,Home,41.02,4,5,2023-11-12,1
10281,2036,Spain,Toys,21.91,3,10,2023-07-01,3
10282,2279,Germany,Electronics,61.1,5,15,2023-01-30,6
10283,2348,Spain,Toys,19.96,7,0,2023-03-25,4
10284,2496,Germany,Toys,101.08,1,30,2023-06-15,7
10285,2301,UK,Electronics,47.6,4,5,2023-10-11,14
10286,2180,Italy,Books,48.1,7,30,2023-10-08,3
10287,2098,Spain,Toys,59.51,7,30,2023-04-06,1
10288,2115,Spain,Toys,56.07,4,30,2023-09-23,9
10289,2190,UK,Books,119.41,5,30,2023-10-25,6
10290,2252,France,Toys,67.72,3,30,2023-10-23,8
10291,2160,Germany,Toys,15.14,1,20,2023-08-13,3
10292,2255,UK,Toys,74.79,3,0,2023-11-29,8
10293,2322,Netherlands,Clothing,22.43,2,0,2023-12-27,2
10294,2127,UK,Books,8.56,3,15,2023-02-11,12
10295,2017,Netherlands,Toys,116.64,4,5,2023-10-30,4
10296,2565,Germany,Books,93.96,1,10,2023-09-03,3
10297,2569,UK,Home,117.71,3,20,2023-07-27,10
10298,2322,France,Home,59.96,1,5,2023-08-25,1
10299,2287,Italy,Toys,66.21,1,20,2023-01-22,13
10300,2154,Spain,Books,24.36,2,0,2023-07-04,13
10301,2489,Italy,Books,33.39,2,30,2023-08-30,7
10302,2385,France,Books,101.43,4,15,2023-12-29,11
10303,2103,Spain,Clothing,45.96,5,15,2023-10-10,10
10304,2392,Italy,Home,100.08,7,25,2023-02-10,2
10305,2245,UK,Books,86.54,1,10,2023-12-02,4
10306,2175,Germany,Books,25.37,5,15,2023-06-11,9
10307,2038,UK,Clothing,63.36,7,30,2023-06-09,6
10308,2476,Netherlands,Clothing,82.9,7,0,2023-03-30,8
10309,2537,Netherlands,Books,32.03,4,10,2023-11-18,2
10310,2407,UK,Electronics,100.53,7,5,2023-01-12,7
10311,2524,Spain,Books,67.66,7,30,2023-03-14,6
10312,2505,Netherlands,Books,24,1,30,2023-03-17,13
10313,2035,UK,Clothing,72.04,1,15,2023-12-12,14
10314,2019,France,Clothing,119.97,6,10,2023-07-20,9
10315,2320,Netherlands,Books,22.31,5,0,2023-01-10,7
10316,2511,UK,Books,98.93,3,25,2023-12-18,1
10317,2399,Spain,Books,28.84,2,20,2023-08-14,14
10318,2470,UK,Clothing,94.97,3,20,2023-06-25,8
10319,2142,Netherlands,Books,89.48,5,0,2023-10-03,11
10320,2091,Netherlands,Books,39.56,2,0,2023-02-08,10
10321,2353,Netherlands,Toys,42.47,3,20,2023-03-01,3
10322,2050,Germany,Electronics,96.14,6,25,2023-03-07,14
10323,2574,Italy,Home,58.07,2,10,2023-11-17,2
10324,2189,Italy,Electronics,89.04,1,20,2023-05-04,12
10325,2124,UK,Toys,22.02,3,0,2023-06-13,3
10326,2149,Italy,Home,103.04,2,15,2023-06-08,11
10327,2313,UK,Books,86.75,6,5,2023-02-26,6
10328,2569,France,Toys,109.3,7,25,2023-03-19,13
10329,2341,UK,Books,20.22,2,30,2023-07-13,14
10330,2304,UK,Clothing,73.2,2,25,2023-10-12,3
10331,2053,UK,Toys,73.9,6,15,2023-01-15,10
10332,2443,Spain,Clothing,45.65,7,15,2023-01-12,5
10333,2263,UK,Toys,57.72,3,30,2023-04-11,6
10334,2052,Spain,Toys,9.37,4,0,2023-06-05,8
10335,2571,UK,Clothing,90.77,3,20,2023-12-06,7
10336,2004,UK,Home,68.17,7,10,2023-05-05,14
10337,2102,France,Electronics,11.64,5,25,2023-12-25,11
10338,2195,Spain,Books,83.29,6,30,2023-10-07,8
10339,2349,UK,Toys,58.68,3,25,2023-04-20,3
10340,2046,France,Books,8.96,2,15,2023-11-30,4
10341,2268,Italy,Clothing,116.5,6,20,2023-12-23,6
10342,2369,France,Books,114.15,1,25,2023-05-26,11
10343,2105,UK,Clothing,63.98,7,10,2023-08-04,7
10344,2119,UK,Books,15.77,3,15,2023-06-11,9
10345,2057,Italy,Electronics,91.78,6,10,2023-05-08,13
10346,2345,UK,Electronics,61.57,3,20,2023-11-10,1
10347,2473,Italy,Electronics,39.78,6,25,2023-11-28,13
10348,2116,Germany,Electronics,61.51,2,5,2023-05-30,8
10349,2126,Netherlands,Electronics,65.08,1,25,2023-02-05,8
10350,2392,Spain,Electronics,69.71,1,20,2023-06-22,6
10351,2057,Netherlands,Clothing,55.74,5,25,2023-01-22,4
10352,2512,Germany,Toys,74.66,6,30,2023-07-25,3
10353,2095,Spain,Books,110.65,3,25,2023-05-07,11
10354,2117,Germany,Electronics,46.66,1,0,2023-12-02,3
10355,2559,Germany,Clothing,88.46,7,25,2023-12-22,6
10356,2487,France,Clothing,107.86,1,25,2023-08-05,13
10357,2236,Italy,Clothing,57.44,4,10,2023-04-06,8
10358,2271,Netherlands,Toys,56,4,5,2023-06-13,7
10359,2188,Spain,Books,74.24,1,10,2023-05-28,11
10360,2446,Germany,Toys,73.01,6,10,2023-01-18,1
10361,2580,Germany,Home,97.76,5,15,2023-10-21,11
10362,2246,Spain,Clothing,59.8,1,0,2023-07-14,6
10363,2075,UK,Home,119.55,2,10,2023-05-31,7
10364,2153,UK,Electronics,11.84,3,30,2023-12-31,12
10365,2434,Germany,Electronics,5.36,5,20,2023-05-03,7
10366,2085,UK,Toys,78.62,2,30,2023-07-06,9
10367,2284,UK,Books,39.32,5,20,2023-05-29,11
10368,2219,UK,Home,32.64,2,25,2023-04-14,11
10369,2068,UK,Books,40.87,3,15,2023-08-31,10
10370,2046,UK,Toys,34.45,3,0,2023-08-19,5
10371,2093,Netherlands,Electronics,8.54,4,30,2023-07-25,1
10372,2452,Germany,Books,116.73,6,0,2023-07-17,2
10373,2203,Germany,Books,30.39,2,30,2023-12-03,4
10374,2217,France,Electronics,89.41,4,25,2023-03-28,5
10375,2473,UK,Home,92.7,2,20,2023-05-22,9
10376,2431,Netherlands,Electronics,111.86,4,5,2023-11-13,11
10377,2340,Spain,Books,8.51,3,15,2023-07-18,1
10378,2550,UK,Home,105.29,5,30,2023-02-15,3
10379,2288,Germany,Home,65.63,7,30,2023-10-15,5
10380,2253,Italy,Electronics,77.74,4,25,2023-01-15,3
10381,2356,Netherlands,Books,79.11,2,15,2023-02-13,4
10382,2022,Germany,Toys,99.28,2,20,2023-06-18,14
10383,2521,France,Books,43.34,7,20,2023-11-06,3
10384,2099,UK,Clothing,89.3,6,30,2023-02-13,4
10385,2179,Netherlands,Toys,65.79,3,5,2023-04-08,14
10386,2222,UK,Home,96.24,2,5,2023-09-18,13
10387,2441,Netherlands,Toys,118.91,1,0,2023-04-19,13
10388,2324,France,Home,28.07,5,15,2023-10-10,1
10389,2515,France,Home,119.38,4,15,2023-12-09,12
10390,2015,Germany,Toys,15.33,6,20,2023-04-14,8
10391,2335,UK,Home,5.27,7,0,2023-09-13,4
10392,2257,UK,Home,10.08,5,25,2023-07-25,7
10393,2496,UK,Clothing,44.3,3,15,2023-12-01,2
10394,2159,UK,Books,77.78,6,0,2023-02-12,2
10395,2474,Spain,Books,12.94,4,0,2023-12-19,6
10396,2379,Germany,Clothing,5.65,4,30,2023-09-02,14
10397,2544,UK,Toys,112.77,7,20,2023-10-14,2
10398,2426,Netherlands,Electronics,99.52,1,0,2023-12-21,6
10399,2267,Italy,Electronics,98.06,7,5,2023-09-30,11
10400,2576,Netherlands,Electronics,106.71,3,5,2023-03-24,2
10401,2416,Netherlands,Clothing,85.5,6,10,2023-04-20,4
10402,2167,UK,Clothing,17.01,6,20,2023-07-09,7
10403,2042,Germany,Home,50.9,2,30,2023-10-15,8
10404,2555,Spain,Electronics,88.16,1,25,2023-09-08,3
10405,2284,Spain,Toys,37.24,1,10,2023-07-31,14
10406,2396,UK,Toys,84.05,6,5,2023-10-18,13
10407,2011,Italy,Electronics,7.82,6,30,2023-05-13,9
10408,2301,UK,Electronics,40.21,5,10,2023-07-20,2
10409,2252,UK,Electronics,68.15,5,20,2023-10-12,8
10410,2498,France,Clothing,77.69,5,30,2023-11-22,8
10411,2034,France,Clothing,71.36,1,20,2023-04-05,13
10412,2089,France,Clothing,85.24,2,0,2023-10-05,14
10413,2417,UK,Books,5.7,4,15,2023-11-21,4
10414,2114,Italy,Toys,16.61,5,0,2023-08-07,1
10415,2195,UK,Toys,104.93,2,20,2023-03-30,13
10416,2500,UK,Home,83.4,7,30,2023-03-13,1
10417,2492,Italy,Clothing,17.99,3,5,2023-09-04,2
10418,2074,Netherlands,Books,101.84,5,25,2023-05-09,14
10419,2412,Italy,Books,32.86,7,5,2023-07-31,12
10420,2375,Italy,Toys,60,4,30,2023-12-09,14
10421,2419,France,Clothing,21.7,3,0,2023-04-06,9
10422,2276,France,Home,86.66,3,25,2023-03-16,13
10423,2393,UK,Clothing,81.69,4,30,2023-02-23,2
10424,2456,Germany,Electronics,29.28,5,20,2023-12-10,2
10425,2191,Germany,Clothing,104.29,1,5,2023-02-23,6
10426,2098,UK,Electronics,51.15,4,20,2023-08-06,7
10427,2547,Spain,Electronics,38.64,4,25,2023-01-16,13
10428,2095,Germany,Home,22.52,4,25,2023-04-09,7
10429,2189,UK,Toys,35.61,3,5,2023-01-20,13
10430,2036,UK,Clothing,7.53,2,20,2023-02-15,9
10431,2368,Spain,Electronics,72.07,7,10,2023-07-12,6
10432,2524,UK,Clothing,101.86,1,20,2023-02-27,14
10433,2278,Italy,Toys,68.13,5,25,2023-04-21,8
10434,2216,Germany,Toys,30.22,5,20,2023-05-09,11
10435,2272,Germany,Books,8.87,7,30,2023-12-03,6
10436,2061,France,Toys,29.68,2,0,2023-07-13,2
10437,2595,Italy,Home,52.85,4,10,2023-12-06,1
10438,2341,UK,Electronics,92.36,1,15,2023-11-22,5
10439,2396,France,Books,26.6,5,30,2023-01-08,14
10440,2018,France,Home,87.78,7,0,2023-01-29,9
10441,2176,UK,Clothing,104.7,6,15,2023-04-22,8
10442,2395,Italy,Electronics,57.2,7,5,2023-06-10,14
10443,2444,Spain,Toys,99.46,5,15,2023-05-11,13
10444,2232,France,Electronics,68.79,4,30,2023-07-07,4
10445,2075,Italy,Clothing,78.27,6,20,2023-06-12,5
10446,2264,Italy,Books,65.52,2,30,2023-07-16,13
10447,2454,Spain,Books,58.26,1,15,2023-12-30,5
10448,2383,Italy,Books,31.99,2,25,2023-07-23,6
10449,2563,Spain,Toys,39.87,2,0,2023-07-31,3
10450,2505,Spain,Home,38.35,7,0,2023-04-19,5
10451,2366,France,Home,69.78,1,15,2023-10-03,2
10452,2143,Spain,Electronics,18.79,1,0,2023-03-14,10
10453,2068,UK,Toys,110.43,5,25,2023-06-16,1
10454,2098,Italy,Books,87.88,5,30,2023-09-17,11
10455,2395,Italy,Books,51.17,1,0,2023-08-31,1
10456,2024,UK,Clothing,23.24,6,15,2023-10-02,10
10457,2468,Italy,Clothing,106.43,3,10,2023-04-12,7
10458,2483,UK,Books,99.73,5,10,2023-06-22,2
10459,2564,UK,Books,88,3,5,2023-06-20,4
10460,2150,Spain,Toys,36.23,7,0,2023-05-21,5
10461,2143,UK,Home,51.28,6,30,2023-07-07,7
10462,2568,Italy,Clothing,16.82,1,15,2023-03-27,2
10463,2038,Italy,Home,26.74,6,0,2023-02-21,14
10464,2108,Germany,Toys,95.05,5,20,2023-04-21,6
10465,2041,UK,Books,87.23,2,25,2023-12-31,1
10466,2185,UK,Home,73.25,7,0,2023-12-08,7
10467,2397,France,Books,108.01,1,0,2023-02-12,9
10468,2222,Netherlands,Books,72.08,4,10,2023-07-30,5
10469,2132,France,Electronics,58.7,7,25,2023-07-19,5
10470,2162,UK,Home,44.14,3,15,2023-10-25,4
10471,2214,France,Home,113.15,6,0,2023-12-12,3
10472,2234,France,Books,14.51,1,10,2023-08-28,9
10473,2587,Spain,Toys,112.05,7,5,2023-04-25,5
10474,2008,UK,Electronics,100.07,6,25,2023-01-26,8
10475,2073,Spain,Books,19.94,1,10,2023-10-26,9
10476,2491,France,Clothing,69.97,5,10,2023-03-18,5
10477,2252,Netherlands,Clothing,104.65,7,30,2023-05-17,10
10478,2229,UK,Electronics,70.76,5,10,2023-01-20,9
10479,2518,France,Toys,109.33,7,30,2023-07-30,2
10480,2173,Netherlands,Books,113.44,5,0,2023-08-28,9
10481,2167,UK,Home,53.57,6,0,2023-02-08,11
10482,2169,Netherlands,Electronics,48.39,4,5,2023-09-25,4
10483,2392,Spain,Toys,112.68,7,20,2023-07-26,6
10484,2193,UK,Home,82.64,7,20,2023-09-24,6
10485,2516,UK,Clothing,18.34,5,20,2023-06-03,6
10486,2028,Spain,Clothing,9.86,1,30,2023-02-11,2
10487,2164,UK,Home,69.93,7,25,2023-01-11,7
10488,2421,France,Electronics,111.97,5,25,2023-10-21,13
10489,2338,UK,Clothing,102.09,2,5,2023-04-08,6
10490,2495,France,Books,82.72,5,25,2023-10-02,11
10491,2364,UK,Home,21,6,20,2023-08-18,14
10492,2341,Italy,Home,34.24,4,20,2023-08-08,1
10493,2499,Netherlands,Clothing,105.68,2,10,2023-03-06,2
10494,2510,Netherlands,Electronics,26.02,6,25,2023-12-21,7
10495,2326,Spain,Books,37.02,6,0,2023-08-20,1
10496,2216,UK,Electronics,19.9,6,0,2023-11-24,1
10497,2300,Spain,Toys,82.75,1,10,2023-02-21,1
10498,2131,UK,Toys,113.56,6,10,2023-09-20,8
10499,2069,UK,Clothing,35.93,1,10,2023-09-24,4
10500,2251,UK,Clothing,59.67,6,0,2023-12-25,4
10501,2414,Germany,Clothing,77.95,3,20,2023-11-13,13
10502,2444,Spain,Toys,119.94,2,10,2023-11-20,2
10503,2181,Spain,Electronics,17.05,3,5,2023-06-03,11
10504,2166,Germany,Electronics,62.34,6,30,2023-12-24,11
10505,2090,UK,Clothing,49.29,2,10,2023-05-20,11
10506,2530,Netherlands,Books,104.57,2,30,2023-02-20,1
10507,2038,Germany,Electronics,59.74,7,15,2023-04-27,12
10508,2125,Germany,Toys,17.76,4,10,2023-02-15,10
10509,2450,UK,Home,77.96,3,0,2023-11-05,9
10510,2172,Spain,Home,93.64,4,25,2023-03-29,7
10511,2219,Spain,Home,5.33,2,10,2023-07-27,4
10512,2057,UK,Books,103.78,1,25,2023-09-26,12
10513,2475,UK,Clothing,26.39,2,15,2023-03-30,6
10514,2455,Spain,Toys,68.49,4,5,2023-04-28,14
10515,2360,France,Books,52.82,3,25,2023-02-23,2
10516,2000,UK,Toys,87.76,6,30,2023-04-26,7
10517,2386,Netherlands,Toys,47.68,7,20,2023-04-28,2
10518,2347,UK,Clothing,105.02,7,10,2023-09-17,10
10519,2189,Germany,Home,89.01,7,15,2023-03-16,8
10520,2504,Netherlands,Clothing,79.49,6,15,2023-11-01,8
10521,2190,Germany,Books,96.57,7,25,2023-01-07,1
10522,2507,France,Books,91.71,3,5,2023-05-02,13
10523,2368,Germany,Books,9.13,6,0,2023-01-11,8
10524,2408,UK,Clothing,50.39,7,10,2023-12-14,2
10525,2116,Netherlands,Toys,112.04,6,15,2023-08-03,6
10526,2133,Germany,Toys,19.46,4,5,2023-10-06,13
10527,2057,Italy,Electronics,89.77,3,20,2023-01-28,1
10528,2555,UK,Books,117.08,5,15,2023-08-23,5
10529,2172,UK,Toys,11,1,5,2023-11-09,11
10530,2148,UK,Electronics,83.45,7,0,2023-01-26,7
10531,2079,France,Toys,58.84,1,0,2023-02-23,13
10532,2212,Germany,Books,71.61,6,15,2023-01-29,10
10533,2202,Italy,Home,14.81,1,30,2023-12-19,1
10534,2228,Germany,Books,9.95,3,15,2023-06-13,2
10535,2226,Netherlands,Clothing,81.69,3,25,2023-09-27,7
10536,2531,UK,Toys,99.68,2,10,2023-11-30,6
10537,2440,Italy,Toys,94.93,7,5,2023-02-04,3
10538,2401,Spain,Clothing,67.54,2,15,2023-10-13,14
10539,2046,Spain,Clothing,16.48,1,10,2023-12-14,10
10540,2232,Italy,Home,84.13,5,25,2023-09-30,2
10541,2304,Spain,Toys,32.82,2,10,2023-07-27,10
10542,2525,France,Toys,109.77,2,15,2023-08-26,4
10543,2142,UK,Home,101.4,3,0,2023-04-03,3
10544,2414,UK,Electronics,86.58,5,5,2023-06-22,7
10545,2512,Netherlands,Home,114.12,6,5,2023-03-20,8
10546,2372,France,Books,8.61,1,0,2023-04-20,2
10547,2565,Spain,Toys,89.66,2,30,2023-08-05,10
10548,2258,Germany,Clothing,42.98,5,15,2023-12-24,7
10549,2470,UK,Books,109.2,7,5,2023-04-16,8
10550,2011,UK,Toys,35.67,5,15,2023-02-16,6
10551,2329,Spain,Home,88.36,1,25,2023-06-30,6
10552,2357,Germany,Books,105.93,5,15,2023-03-05,10
10553,2407,UK,Toys,9.79,5,10,2023-09-03,1
10554,2372,Germany,Electronics,50.73,5,0,2023-09-01,4
10555,2007,UK,Electronics,92.67,7,30,2023-11-16,14
10556,2121,France,Clothing,57.32,2,15,2023-03-28,1
10557,2347,UK,Toys,35.73,1,30,2023-08-05,4
10558,2089,Spain,Electronics,30.28,7,30,2023-01-07,2
10559,2315,UK,Home,20.12,5,25,2023-10-05,11
10560,2177,Germany,Toys,103.57,5,20,2023-12-03,13
10561,2539,UK,Home,71.17,2,0,2023-07-29,5
10562,2040,UK,Home,13.78,1,30,2023-06-18,10
10563,2501,Germany,Electronics,49,3,5,2023-11-26,14
10564,2144,Germany,Toys,47.29,7,10,2023-05-18,9
10565,2200,France,Books,25.9,2,5,2023-11-02,11
10566,2460,UK,Electronics,55.08,1,25,2023-08-18,12
10567,2557,Spain,Electronics,43.19,7,25,2023-11-04,10
10568,2546,Italy,Toys,44.31,5,5,2023-06-10,3
10569,2252,Spain,Toys,89.99,1,0,2023-01-01,8
10570,2389,UK,Home,30.68,1,5,2023-08-24,3
10571,2593,Germany,Toys,78.81,6,15,2023-07-07,6
10572,2255,UK,Home,70.62,1,5,2023-01-04,4
10573,2449,UK,Electronics,70.33,3,10,2023-05-12,8
10574,2009,Netherlands,Clothing,81.25,1,10,2023-08-06,11
10575,2241,UK,Books,68.06,3,20,2023-09-17,6
10576,2250,Germany,Electronics,106.11,5,10,2023-01-01,8
10577,2004,France,Toys,82.69,3,5,2023-03-12,1
10578,2118,Spain,Books,67.9,7,10,2023-06-27,6
10579,2373,France,Clothing,100.42,5,0,2023-07-08,1
10580,2064,UK,Clothing,74.71,5,30,2023-10-18,1
10581,2145,UK,Home,38.48,3,10,2023-01-08,8
10582,2223,Germany,Books,28.82,2,15,2023-09-10,7
10583,2238,UK,Home,22.52,4,0,2023-10-19,3
10584,2176,Germany,Electronics,108.44,1,20,2023-09-01,6
10585,2281,UK,Books,86.67,6,15,2023-05-03,9
10586,2062,UK,Electronics,112.8,4,5,2023-10-26,7
10587,2216,Germany,Home,74.38,1,30,2023-10-10,12
10588,2460,UK,Books,59.44,1,5,2023-02-01,3
10589,2104,France,Home,11.87,5,30,2023-11-30,14
10590,2098,Spain,Books,82.24,1,30,2023-05-26,14
10591,2510,Italy,Home,71.95,6,5,2023-06-05,13
10592,2384,UK,Clothing,118.87,1,15,2023-01-16,6
10593,2404,UK,Home,32.5,3,15,2023-12-21,11
10594,2517,UK,Clothing,66.03,4,30,2023-02-16,4
10595,2475,France,Home,79.86,3,15,2023-09-08,14
10596,2436,Spain,Books,79.13,6,30,2023-07-06,13
10597,2022,UK,Books,69.55,1,30,2023-01-31,3
10598,2564,Netherlands,Books,94.35,7,0,2023-09-17,9
10599,2457,UK,Toys,28.57,6,25,2023-01-17,10
10600,2082,France,Electronics,88.45,5,0,2023-02-08,2
10601,2144,Spain,Books,76.27,3,5,2023-10-31,1
10602,2084,Italy,Clothing,108.05,3,25,2023-02-08,14
10603,2077,Spain,Books,102.43,2,10,2023-05-12,2
10604,2456,Italy,Toys,41.24,1,5,2023-01-30,7
10605,2000,UK,Clothing,36.77,5,20,2023-06-07,10
10606,2050,Italy,Toys,117.89,7,0,2023-10-05,1
10607,2445,UK,Clothing,65.64,3,15,2023-07-22,6
10608,2448,Italy,Home,109.24,3,0,2023-03-07,14
10609,2487,France,Electronics,23.85,5,15,2023-04-18,7
10610,2033,Italy,Electronics,78.92,6,25,2023-09-25,9
10611,2347,Germany,Toys,98.13,6,20,2023-08-10,14
10612,2094,France,Electronics,113.95,1,25,2023-10-19,8
10613,2071,Germany,Toys,43.79,2,20,2023-01-18,6
10614,2550,Spain,Toys,88.37,3,0,2023-03-31,3
10615,2153,UK,Toys,66.96,2,15,2023-06-30,8
10616,2249,UK,Electronics,11.97,6,25,2023-09-12,7
10617,2437,UK,Toys,84.35,6,20,2023-09-10,3
10618,2117,UK,Electronics,84.36,4,30,2023-09-14,9
10619,2305,Italy,Toys,112.02,7,5,2023-12-12,12
10620,2267,UK,Books,62.19,1,5,2023-03-28,2
10621,2053,Netherlands,Toys,31.48,4,25,2023-03-31,3
10622,2235,UK,Clothing,10.12,7,15,2023-08-25,2
10623,2388,UK,Toys,52.8,4,30,2023-03-11,13
10624,2400,Spain,Home,39.72,4,25,2023-02-13,1
10625,2302,France,Toys,92.53,1,0,2023-07-19,4
10626,2206,Germany,Clothing,45.74,1,20,2023-06-01,5
10627,2228,France,Clothing,114.14,5,0,2023-03-27,13
10628,2577,Spain,Electronics,115.67,2,5,2023-01-19,6
10629,2074,UK,Books,76.4,2,20,2023-04-11,5
10630,2434,Netherlands,Toys,111.8,5,25,2023-04-05,1
10631,2102,Netherlands,Electronics,92.5,5,0,2023-09-11,3
10632,2421,France,Books,67.89,6,10,2023-12-23,1
10633,2305,UK,Toys,25.74,7,15,2023-01-30,11
10634,2097,Spain,Home,57.74,4,30,2023-09-06,5
10635,2334,UK,Toys,69.5,5,30,2023-02-02,5
10636,2434,UK,Clothing,104.36,3,15,2023-08-17,12
10637,2446,UK,Clothing,60.35,2,10,2023-01-12,11
10638,2307,Germany,Home,108.23,5,5,2023-04-28,13
10639,2248,Italy,Electronics,82.55,3,20,2023-12-16,6
10640,2165,Spain,Books,20.75,3,15,2023-06-04,8
10641,2480,Spain,Toys,119.42,3,10,2023-09-03,10
10642,2334,Germany,Clothing,65.63,6,25,2023-11-28,12
10643,2541,UK,Electronics,50.06,6,30,2023-09-04,1
10644,2105,Germany,Home,80.8,3,10,2023-01-29,4
10645,2562,Netherlands,Clothing,17.52,7,5,2023-06-10,10
10646,2080,UK,Home,78.2,6,5,2023-08-23,11
10647,2132,Italy,Toys,62.3,4,0,2023-07-09,1
10648,2137,France,Books,51.77,3,15,2023-04-27,9
10649,2183,Germany,Clothing,114.6,4,0,2023-09-28,11
10650,2400,Spain,Clothing,65.09,4,30,2023-09-15,7
10651,2329,Germany,Toys,30.2,3,10,2023-06-29,7
10652,2507,Italy,Electronics,57.78,2,20,2023-06-21,12
10653,2068,Netherlands,Books,110.73,7,20,2023-10-01,5
10654,2545,Germany,Clothing,25.25,3,5,2023-09-16,7
10655,2052,UK,Books,29.61,3,20,2023-05-15,12
10656,2449,France,Clothing,6.5,6,20,2023-06-20,2
10657,2204,Netherlands,Books,6.63,3,30,2023-07-29,14
10658,2125,UK,Home,100.38,2,20,2023-08-24,13
10659,2042,France,Clothing,89.19,6,10,2023-07-05,4
10660,2110,France,Books,45.83,1,20,2023-12-30,14
10661,2182,Spain,Electronics,85.31,1,25,2023-04-05,14
10662,2094,UK,Home,50.45,4,20,2023-01-11,7
10663,2373,Spain,Home,114.58,7,20,2023-03-09,3
10664,2519,Netherlands,Electronics,116.21,4,0,2023-07-29,2
10665,2359,UK,Books,50.17,2,10,2023-07-15,10
10666,2280,UK,Toys,103.24,5,5,2023-04-08,2
10667,2194,Netherlands,Electronics,93.91,7,0,2023-04-03,13
10668,2194,UK,Books,40.65,1,15,2023-01-22,1
10669,2092,Italy,Electronics,31.68,4,10,2023-06-21,5
10670,2060,Germany,Electronics,57.7,1,25,2023-05-14,12
10671,2050,UK,Clothing,94.86,2,10,2023-01-25,6
10672,2402,Italy,Books,115.42,2,15,2023-07-04,6
10673,2004,Germany,Toys,92.81,5,15,2023-03-26,9
10674,2465,Germany,Clothing,103.35,5,15,2023-02-24,4
10675,2533,Germany,Electronics,74.35,6,30,2023-09-08,1
10676,2404,France,Electronics,101.07,7,5,2023-05-24,6
10677,2512,UK,Electronics,95.21,2,20,2023-12-17,5
10678,2232,Germany,Books,48.35,4,10,2023-06-16,10
10679,2523,Netherlands,Books,68.48,1,30,2023-08-12,6
10680,2345,UK,Clothing,97.55,3,20,2023-08-08,3
10681,2045,France,Toys,10.3,5,20,2023-06-28,2
10682,2545,UK,Clothing,97.93,3,25,2023-04-29,6
10683,2077,Spain,Home,25.46,4,15,2023-09-22,13
10684,2072,UK,Electronics,64.19,5,5,2023-05-30,1
10685,2248,Netherlands,Electronics,97.95,3,25,2023-08-03,7
10686,2046,Germany,Electronics,34.19,7,0,2023-07-16,7
10687,2120,UK,Clothing,33.27,4,30,2023-02-11,10
10688,2213,UK,Clothing,51.32,1,30,2023-02-22,13
10689,2238,UK,Electronics,107.88,7,5,2023-11-26,7
10690,2055,Germany,Clothing,5.05,4,20,2023-09-08,12
10691,2349,UK,Books,108.66,6,30,2023-10-22,11
10692,2106,Italy,Books,22.69,5,5,2023-09-28,10
10693,2047,Germany,Clothing,118.86,2,30,2023-05-03,1
10694,2572,UK,Electronics,114.81,1,30,2023-12-05,4
10695,2336,France,Clothing,61.89,7,15,2023-09-23,13
10696,2025,Spain,Clothing,63.96,7,0,2023-12-14,7
10697,2256,UK,Clothing,60.38,3,15,2023-01-29,11
10698,2007,UK,Home,78.08,5,0,2023-02-04,9
10699,2252,UK,Books,15.43,2,30,2023-01-06,5
10700,2302,Spain,Toys,8.75,4,25,2023-04-21,13
10701,2055,France,Toys,11.64,2,20,2023-10-21,2
10702,2525,Germany,Home,56.1,5,30,2023-03-18,7
10703,2473,Italy,Clothing,36.69,5,0,2023-12-15,10
10704,2027,Italy,Home,76.53,6,0,2023-05-27,1
10705,2077,France,Home,119.13,6,0,2023-03-08,7
10706,2215,Italy,Electronics,49.43,2,30,2023-01-08,6
10707,2385,UK,Books,70.99,4,5,2023-05-02,7
10708,2364,UK,Toys,52.79,2,25,2023-12-06,14
10709,2525,UK,Clothing,102.44,5,5,2023-06-24,13
10710,2311,UK,Toys,108.76,5,20,2023-06-28,10
10711,2006,France,Toys,105.9,3,30,2023-03-26,3
10712,2002,Netherlands,Books,117.05,6,0,2023-02-14,3
10713,2362,UK,Toys,8.16,3,25,2023-05-16,7
10714,2507,UK,Toys,101.58,1,25,2023-12-09,13
10715,2273,Germany,Home,91.45,5,10,2023-01-16,2
10716,2505,Netherlands,Books,31.3,3,20,2023-11-29,1
10717,2014,UK,Electronics,114.98,2,25,2023-07-14,9
10718,2191,Germany,Clothing,22.04,6,30,2023-01-09,9
10719,2484,UK,Toys,83.15,6,0,2023-11-12,7
10720,2027,UK,Clothing,30.86,4,0,2023-11-30,7
10721,2038,Netherlands,Electronics,54.61,2,25,2023-11-29,3
10722,2272,Netherlands,Clothing,87.7,4,5,2023-11-23,10
10723,2230,UK,Electronics,69.78,3,20,2023-01-15,2
10724,2085,Netherlands,Home,54.16,7,0,2023-11-23,11
10725,2473,France,Toys,42.53,1,25,2023-04-12,7
10726,2125,Italy,Electronics,101.56,2,0,2023-08-14,9
10727,2536,Germany,Clothing,21.54,2,25,2023-10-05,1
10728,2144,Germany,Toys,54.46,2,20,2023-04-23,13
10729,2524,Germany,Home,108.93,4,25,2023-01-01,14
10730,2211,France,Toys,102.27,3,10,2023-09-23,4
10731,2024,UK,Electronics,51.11,2,25,2023-07-27,6
10732,2579,UK,Home,92.76,7,25,2023-04-20,7
10733,2393,UK,Clothing,99.66,2,30,2023-07-19,10
10734,2066,Spain,Home,107.22,6,20,2023-11-02,7
10735,2232,UK,Home,67.62,1,30,2023-01-12,10
10736,2108,France,Books,28.51,6,25,2023-12-11,2
10737,2145,Netherlands,Home,34.36,6,20,2023-07-07,14
10738,2110,UK,Home,39,1,10,2023-06-03,4
10739,2227,France,Toys,73.29,7,20,2023-11-30,5
10740,2110,Germany,Clothing,8.77,3,0,2023-10-06,14
10741,2469,Italy,Toys,78.14,6,30,2023-06-20,12
10742,2033,UK,Toys,46.9,3,20,2023-05-14,1
10743,2368,Spain,Electronics,38.95,6,10,2023-01-25,1
10744,2594,Italy,Toys,106.14,5,15,2023-01-18,10
10745,2553,Netherlands,Books,57.9,1,25,2023-07-09,3
10746,2424,Spain,Books,15.93,6,20,2023-05-21,10
10747,2517,Germany,Electronics,100.08,5,25,2023-02-12,3
10748,2281,France,Clothing,10.48,4,5,2023-11-30,12
10749,2319,Italy,Clothing,88.58,5,0,2023-10-11,8
10750,2442,France,Toys,94,2,30,2023-05-26,9
10751,2314,UK,Toys,45.55,6,0,2023-11-11,14
10752,2376,Netherlands,Toys,99.85,5,5,2023-11-15,11
10753,2288,Spain,Clothing,64.3,3,5,2023-04-02,12
10754,2436,France,Home,58.28,4,30,2023-06-28,1
10755,2276,UK,Books,10.22,7,20,2023-02-25,14
10756,2581,France,Home,38.35,6,5,2023-06-04,11
10757,2502,Germany,Home,112.07,2,15,2023-06-09,2
10758,2515,France,Clothing,50.06,7,25,2023-04-21,10
10759,2349,UK,Home,67.87,5,25,2023-05-17,2
10760,2445,France,Electronics,66.18,7,10,2023-08-20,4
10761,2349,Netherlands,Toys,72.9,7,5,2023-08-08,2
10762,2136,UK,Electronics,12.05,4,5,2023-03-09,7
10763,2242,Netherlands,Books,46.65,7,15,2023-10-29,13
10764,2542,Germany,Toys,88.16,7,0,2023-09-06,9
10765,2039,Italy,Home,28.06,6,0,2023-11-19,7
10766,2228,Spain,Books,28.41,4,25,2023-01-06,12
10767,2547,France,Toys,6.16,2,25,2023-10-07,6
10768,2222,Spain,Home,55.31,5,20,2023-04-04,10
10769,2005,Italy,Electronics,106.51,4,30,2023-09-26,1
10770,2321,Germany,Toys,10.97,4,15,2023-07-16,11
10771,2467,UK,Home,26.98,1,30,2023-01-25,10
10772,2074,France,Electronics,40.66,4,30,2023-05-28,9
10773,2003,Italy,Books,89.15,1,10,2023-04-28,5
10774,2117,Spain,Books,78.67,5,30,2023-12-04,11
10775,2503,Spain,Books,52.83,7,10,2023-12-04,5
10776,2573,Germany,Books,92.29,6,30,2023-03-07,6
10777,2440,Italy,Clothing,75.11,6,15,2023-10-28,9
10778,2193,UK,Toys,108.04,5,10,2023-06-24,13
10779,2391,France,Toys,99.07,5,0,2023-11-15,8
10780,2025,UK,Clothing,34.07,3,10,2023-03-17,8
10781,2434,UK,Home,36.22,7,10,2023-04-24,14
10782,2172,Germany,Home,19.42,5,15,2023-04-21,8
10783,2299,Germany,Books,43.75,4,15,2023-09-06,1
10784,2325,Spain,Electronics,119.95,6,10,2023-07-22,1
10785,2409,Germany,Home,51.66,2,5,2023-05-27,8
10786,2117,Germany,Electronics,30.36,6,15,2023-02-04,5
10787,2224,UK,Toys,92.69,1,20,2023-11-05,9
10788,2531,Germany,Electronics,67.38,6,20,2023-01-26,2
10789,2112,UK,Toys,22.2,3,0,2023-08-26,9
10790,2139,UK,Clothing,48.78,7,30,2023-01-14,12
10791,2558,France,Clothing,52.66,5,10,2023-02-14,14
10792,2000,France,Books,91.69,7,5,2023-08-04,8
10793,2089,France,Home,7.38,5,0,2023-08-21,9
10794,2319,Germany,Books,35.94,6,10,2023-07-12,4
10795,2549,Germany,Toys,64.52,2,15,2023-02-20,1
10796,2138,Italy,Books,35.92,2,20,2023-08-02,1
10797,2510,Germany,Electronics,77.27,3,25,2023-05-31,5
10798,2258,Germany,Toys,60.41,1,5,2023-10-02,2
10799,2009,UK,Clothing,46.6,6,25,2023-12-04,14
10800,2260,UK,Home,114.16,5,20,2023-03-17,8